-- Comandos de inserção para Supabase
-- Execute estes comandos no SQL Editor do Supabase

-- Inserir categorias
INSERT INTO categories (id, name, color, kind, created_at, updated_at) VALUES ('cat1', 'Cuidado e Saúde', '#f44336', 'Despesa', '2025-09-08 17:21:31', '2025-09-08 17:21:31') ON CONFLICT (id) DO NOTHING;
INSERT INTO categories (id, name, color, kind, created_at, updated_at) VALUES ('cat2', 'Moradia', '#ff9800', 'Despesa', '2025-09-08 17:21:31', '2025-09-08 17:21:31') ON CONFLICT (id) DO NOTHING;
INSERT INTO categories (id, name, color, kind, created_at, updated_at) VALUES ('cat3', 'Alimentação', '#4caf50', 'Despesa', '2025-09-08 17:21:31', '2025-09-08 17:21:31') ON CONFLICT (id) DO NOTHING;
INSERT INTO categories (id, name, color, kind, created_at, updated_at) VALUES ('cat4', 'Transporte', '#2196f3', 'Despesa', '2025-09-08 17:21:31', '2025-09-08 17:21:31') ON CONFLICT (id) DO NOTHING;
INSERT INTO categories (id, name, color, kind, created_at, updated_at) VALUES ('cat5', 'Educação', '#9c27b0', 'Despesa', '2025-09-08 17:21:31', '2025-09-08 17:21:31') ON CONFLICT (id) DO NOTHING;
INSERT INTO categories (id, name, color, kind, created_at, updated_at) VALUES ('cat6', 'Lazer', '#e91e63', 'Despesa', '2025-09-08 17:21:31', '2025-09-08 17:21:31') ON CONFLICT (id) DO NOTHING;
INSERT INTO categories (id, name, color, kind, created_at, updated_at) VALUES ('cat7', 'Salário', '#4caf50', 'Receita', '2025-09-08 17:21:31', '2025-09-08 17:21:31') ON CONFLICT (id) DO NOTHING;
INSERT INTO categories (id, name, color, kind, created_at, updated_at) VALUES ('cat8', 'Freelance', '#ff9800', 'Receita', '2025-09-08 17:21:31', '2025-09-08 17:21:31') ON CONFLICT (id) DO NOTHING;
INSERT INTO categories (id, name, color, kind, created_at, updated_at) VALUES ('cat9', 'Investimentos', '#2196f3', 'Receita', '2025-09-08 17:21:31', '2025-09-08 17:21:31') ON CONFLICT (id) DO NOTHING;
INSERT INTO categories (id, name, color, kind, created_at, updated_at) VALUES ('cat10', 'Outros', '#607d8b', 'Receita', '2025-09-08 17:21:31', '2025-09-08 17:21:31') ON CONFLICT (id) DO NOTHING;

-- Inserir tipos
INSERT INTO types (id, name, category_id, created_at, updated_at) VALUES ('type1', 'Plano de Saúde', 'cat1', '2025-09-08 17:21:31', '2025-09-08 17:21:31') ON CONFLICT (id) DO NOTHING;
INSERT INTO types (id, name, category_id, created_at, updated_at) VALUES ('type2', 'Medicamentos', 'cat1', '2025-09-08 17:21:31', '2025-09-08 17:21:31') ON CONFLICT (id) DO NOTHING;
INSERT INTO types (id, name, category_id, created_at, updated_at) VALUES ('type3', 'Aluguel', 'cat2', '2025-09-08 17:21:31', '2025-09-08 17:21:31') ON CONFLICT (id) DO NOTHING;
INSERT INTO types (id, name, category_id, created_at, updated_at) VALUES ('type4', 'Condomínio', 'cat2', '2025-09-08 17:21:31', '2025-09-08 17:21:31') ON CONFLICT (id) DO NOTHING;
INSERT INTO types (id, name, category_id, created_at, updated_at) VALUES ('type5', 'Supermercado', 'cat3', '2025-09-08 17:21:31', '2025-09-08 17:21:31') ON CONFLICT (id) DO NOTHING;
INSERT INTO types (id, name, category_id, created_at, updated_at) VALUES ('type6', 'Restaurante', 'cat3', '2025-09-08 17:21:31', '2025-09-08 17:21:31') ON CONFLICT (id) DO NOTHING;
INSERT INTO types (id, name, category_id, created_at, updated_at) VALUES ('type7', 'Combustível', 'cat4', '2025-09-08 17:21:31', '2025-09-08 17:21:31') ON CONFLICT (id) DO NOTHING;
INSERT INTO types (id, name, category_id, created_at, updated_at) VALUES ('type8', 'Manutenção', 'cat4', '2025-09-08 17:21:31', '2025-09-08 17:21:31') ON CONFLICT (id) DO NOTHING;
INSERT INTO types (id, name, category_id, created_at, updated_at) VALUES ('type9', 'Curso', 'cat5', '2025-09-08 17:21:31', '2025-09-08 17:21:31') ON CONFLICT (id) DO NOTHING;
INSERT INTO types (id, name, category_id, created_at, updated_at) VALUES ('type10', 'Livros', 'cat5', '2025-09-08 17:21:31', '2025-09-08 17:21:31') ON CONFLICT (id) DO NOTHING;
INSERT INTO types (id, name, category_id, created_at, updated_at) VALUES ('type11', 'Cinema', 'cat6', '2025-09-08 17:21:31', '2025-09-08 17:21:31') ON CONFLICT (id) DO NOTHING;
INSERT INTO types (id, name, category_id, created_at, updated_at) VALUES ('type12', 'Viagem', 'cat6', '2025-09-08 17:21:31', '2025-09-08 17:21:31') ON CONFLICT (id) DO NOTHING;
INSERT INTO types (id, name, category_id, created_at, updated_at) VALUES ('type13', 'Salário Mensal', 'cat7', '2025-09-08 17:21:31', '2025-09-08 17:21:31') ON CONFLICT (id) DO NOTHING;
INSERT INTO types (id, name, category_id, created_at, updated_at) VALUES ('type14', '13º Salário', 'cat7', '2025-09-08 17:21:31', '2025-09-08 17:21:31') ON CONFLICT (id) DO NOTHING;
INSERT INTO types (id, name, category_id, created_at, updated_at) VALUES ('type15', 'Projeto Web', 'cat8', '2025-09-08 17:21:31', '2025-09-08 17:21:31') ON CONFLICT (id) DO NOTHING;
INSERT INTO types (id, name, category_id, created_at, updated_at) VALUES ('type16', 'Consultoria', 'cat8', '2025-09-08 17:21:31', '2025-09-08 17:21:31') ON CONFLICT (id) DO NOTHING;
INSERT INTO types (id, name, category_id, created_at, updated_at) VALUES ('type17', 'Ações', 'cat9', '2025-09-08 17:21:31', '2025-09-08 17:21:31') ON CONFLICT (id) DO NOTHING;
INSERT INTO types (id, name, category_id, created_at, updated_at) VALUES ('type18', 'Fundos', 'cat9', '2025-09-08 17:21:31', '2025-09-08 17:21:31') ON CONFLICT (id) DO NOTHING;
INSERT INTO types (id, name, category_id, created_at, updated_at) VALUES ('type19', 'Vendas', 'cat10', '2025-09-08 17:21:31', '2025-09-08 17:21:31') ON CONFLICT (id) DO NOTHING;
INSERT INTO types (id, name, category_id, created_at, updated_at) VALUES ('type20', 'Doações', 'cat10', '2025-09-08 17:21:31', '2025-09-08 17:21:31') ON CONFLICT (id) DO NOTHING;

-- Inserir despesas
INSERT INTO expenses (id, kind, category_id, type_id, value, date_prevista, date_efetiva, obs, is_mensal, series_id, created_at, updated_at) VALUES ('exp1', 'Despesa', 'cat1', 'type1', 408.63, '2025-09-15', '2025-09-15', 'Plano de Saúde Quality - 2 vidas', TRUE, 'health-2025', '2025-09-08 17:21:31', '2025-09-08 17:21:31') ON CONFLICT (id) DO NOTHING;
INSERT INTO expenses (id, kind, category_id, type_id, value, date_prevista, date_efetiva, obs, is_mensal, series_id, created_at, updated_at) VALUES ('exp2', 'Despesa', 'cat2', 'type3', 1200, '2025-09-01', '2025-09-01', 'Aluguel setembro', TRUE, 'rent-2025', '2025-09-08 17:21:31', '2025-09-08 17:21:31') ON CONFLICT (id) DO NOTHING;
INSERT INTO expenses (id, kind, category_id, type_id, value, date_prevista, date_efetiva, obs, is_mensal, series_id, created_at, updated_at) VALUES ('exp3', 'Despesa', 'cat2', 'type4', 350, '2025-09-01', '2025-09-01', 'Condomínio setembro', TRUE, 'condo-2025', '2025-09-08 17:21:31', '2025-09-08 17:21:31') ON CONFLICT (id) DO NOTHING;
INSERT INTO expenses (id, kind, category_id, type_id, value, date_prevista, date_efetiva, obs, is_mensal, series_id, created_at, updated_at) VALUES ('exp4', 'Despesa', 'cat3', 'type5', 800, '2025-09-05', '2025-09-05', 'Compras do mês', TRUE, 'grocery-2025', '2025-09-08 17:21:31', '2025-09-08 17:21:31') ON CONFLICT (id) DO NOTHING;
INSERT INTO expenses (id, kind, category_id, type_id, value, date_prevista, date_efetiva, obs, is_mensal, series_id, created_at, updated_at) VALUES ('exp5', 'Despesa', 'cat3', 'type6', 150, '2025-09-10', '2025-09-10', 'Jantar', FALSE, NULL, '2025-09-08 17:21:31', '2025-09-08 17:21:31') ON CONFLICT (id) DO NOTHING;
INSERT INTO expenses (id, kind, category_id, type_id, value, date_prevista, date_efetiva, obs, is_mensal, series_id, created_at, updated_at) VALUES ('exp6', 'Despesa', 'cat4', 'type7', 300, '2025-09-08', '2025-09-08', 'Combustível', FALSE, NULL, '2025-09-08 17:21:31', '2025-09-08 17:21:31') ON CONFLICT (id) DO NOTHING;
INSERT INTO expenses (id, kind, category_id, type_id, value, date_prevista, date_efetiva, obs, is_mensal, series_id, created_at, updated_at) VALUES ('exp7', 'Despesa', 'cat4', 'type8', 500, '2025-09-12', '2025-09-12', 'Revisão do carro', FALSE, NULL, '2025-09-08 17:21:31', '2025-09-08 17:21:31') ON CONFLICT (id) DO NOTHING;
INSERT INTO expenses (id, kind, category_id, type_id, value, date_prevista, date_efetiva, obs, is_mensal, series_id, created_at, updated_at) VALUES ('exp8', 'Despesa', 'cat5', 'type9', 200, '2025-09-15', '2025-09-15', 'Curso online', FALSE, NULL, '2025-09-08 17:21:31', '2025-09-08 17:21:31') ON CONFLICT (id) DO NOTHING;
INSERT INTO expenses (id, kind, category_id, type_id, value, date_prevista, date_efetiva, obs, is_mensal, series_id, created_at, updated_at) VALUES ('exp9', 'Despesa', 'cat6', 'type11', 50, '2025-09-20', '2025-09-20', 'Cinema', FALSE, NULL, '2025-09-08 17:21:31', '2025-09-08 17:21:31') ON CONFLICT (id) DO NOTHING;
INSERT INTO expenses (id, kind, category_id, type_id, value, date_prevista, date_efetiva, obs, is_mensal, series_id, created_at, updated_at) VALUES ('exp10', 'Despesa', 'cat1', 'type2', 80, '2025-09-18', '2025-09-18', 'Farmácia', FALSE, NULL, '2025-09-08 17:21:31', '2025-09-08 17:21:31') ON CONFLICT (id) DO NOTHING;
INSERT INTO expenses (id, kind, category_id, type_id, value, date_prevista, date_efetiva, obs, is_mensal, series_id, created_at, updated_at) VALUES ('exp11', 'Despesa', 'cat2', 'type3', 150, '2025-09-02', '2025-09-02', 'Conta de luz', FALSE, NULL, '2025-09-08 17:21:31', '2025-09-08 17:21:31') ON CONFLICT (id) DO NOTHING;
INSERT INTO expenses (id, kind, category_id, type_id, value, date_prevista, date_efetiva, obs, is_mensal, series_id, created_at, updated_at) VALUES ('exp12', 'Despesa', 'cat2', 'type4', 120, '2025-09-02', '2025-09-02', 'Conta de água', FALSE, NULL, '2025-09-08 17:21:31', '2025-09-08 17:21:31') ON CONFLICT (id) DO NOTHING;
INSERT INTO expenses (id, kind, category_id, type_id, value, date_prevista, date_efetiva, obs, is_mensal, series_id, created_at, updated_at) VALUES ('exp13', 'Despesa', 'cat3', 'type5', 250, '2025-09-12', '2025-09-12', 'Feira', FALSE, NULL, '2025-09-08 17:21:31', '2025-09-08 17:21:31') ON CONFLICT (id) DO NOTHING;
INSERT INTO expenses (id, kind, category_id, type_id, value, date_prevista, date_efetiva, obs, is_mensal, series_id, created_at, updated_at) VALUES ('exp14', 'Despesa', 'cat3', 'type6', 80, '2025-09-14', '2025-09-14', 'Lanche', FALSE, NULL, '2025-09-08 17:21:31', '2025-09-08 17:21:31') ON CONFLICT (id) DO NOTHING;
INSERT INTO expenses (id, kind, category_id, type_id, value, date_prevista, date_efetiva, obs, is_mensal, series_id, created_at, updated_at) VALUES ('exp15', 'Despesa', 'cat4', 'type7', 200, '2025-09-16', '2025-09-16', 'Gasolina', FALSE, NULL, '2025-09-08 17:21:31', '2025-09-08 17:21:31') ON CONFLICT (id) DO NOTHING;
INSERT INTO expenses (id, kind, category_id, type_id, value, date_prevista, date_efetiva, obs, is_mensal, series_id, created_at, updated_at) VALUES ('exp16', 'Despesa', 'cat4', 'type8', 300, '2025-09-18', '2025-09-18', 'Pneu novo', FALSE, NULL, '2025-09-08 17:21:31', '2025-09-08 17:21:31') ON CONFLICT (id) DO NOTHING;
INSERT INTO expenses (id, kind, category_id, type_id, value, date_prevista, date_efetiva, obs, is_mensal, series_id, created_at, updated_at) VALUES ('exp17', 'Despesa', 'cat5', 'type9', 150, '2025-09-20', '2025-09-20', 'Curso de inglês', FALSE, NULL, '2025-09-08 17:21:31', '2025-09-08 17:21:31') ON CONFLICT (id) DO NOTHING;
INSERT INTO expenses (id, kind, category_id, type_id, value, date_prevista, date_efetiva, obs, is_mensal, series_id, created_at, updated_at) VALUES ('exp18', 'Despesa', 'cat5', 'type10', 100, '2025-09-22', '2025-09-22', 'Livros', FALSE, NULL, '2025-09-08 17:21:31', '2025-09-08 17:21:31') ON CONFLICT (id) DO NOTHING;
INSERT INTO expenses (id, kind, category_id, type_id, value, date_prevista, date_efetiva, obs, is_mensal, series_id, created_at, updated_at) VALUES ('exp19', 'Despesa', 'cat6', 'type11', 30, '2025-09-25', '2025-09-25', 'Netflix', FALSE, NULL, '2025-09-08 17:21:31', '2025-09-08 17:21:31') ON CONFLICT (id) DO NOTHING;
INSERT INTO expenses (id, kind, category_id, type_id, value, date_prevista, date_efetiva, obs, is_mensal, series_id, created_at, updated_at) VALUES ('exp20', 'Despesa', 'cat6', 'type12', 500, '2025-09-28', '2025-09-28', 'Viagem fim de semana', FALSE, NULL, '2025-09-08 17:21:31', '2025-09-08 17:21:31') ON CONFLICT (id) DO NOTHING;
INSERT INTO expenses (id, kind, category_id, type_id, value, date_prevista, date_efetiva, obs, is_mensal, series_id, created_at, updated_at) VALUES ('exp21', 'Despesa', 'cat1', 'type1', 200, '2025-09-30', '2025-09-30', 'Consulta médica', FALSE, NULL, '2025-09-08 17:21:31', '2025-09-08 17:21:31') ON CONFLICT (id) DO NOTHING;
INSERT INTO expenses (id, kind, category_id, type_id, value, date_prevista, date_efetiva, obs, is_mensal, series_id, created_at, updated_at) VALUES ('exp22', 'Despesa', 'cat2', 'type3', 100, '2025-09-05', '2025-09-05', 'IPTU', FALSE, NULL, '2025-09-08 17:21:31', '2025-09-08 17:21:31') ON CONFLICT (id) DO NOTHING;
INSERT INTO expenses (id, kind, category_id, type_id, value, date_prevista, date_efetiva, obs, is_mensal, series_id, created_at, updated_at) VALUES ('exp23', 'Despesa', 'cat3', 'type5', 180, '2025-09-08', '2025-09-08', 'Açougue', FALSE, NULL, '2025-09-08 17:21:31', '2025-09-08 17:21:31') ON CONFLICT (id) DO NOTHING;
INSERT INTO expenses (id, kind, category_id, type_id, value, date_prevista, date_efetiva, obs, is_mensal, series_id, created_at, updated_at) VALUES ('exp24', 'Despesa', 'cat4', 'type7', 120, '2025-09-10', '2025-09-10', 'Uber', FALSE, NULL, '2025-09-08 17:21:31', '2025-09-08 17:21:31') ON CONFLICT (id) DO NOTHING;
INSERT INTO expenses (id, kind, category_id, type_id, value, date_prevista, date_efetiva, obs, is_mensal, series_id, created_at, updated_at) VALUES ('exp25', 'Despesa', 'cat5', 'type9', 90, '2025-09-12', '2025-09-12', 'Workshop', FALSE, NULL, '2025-09-08 17:21:31', '2025-09-08 17:21:31') ON CONFLICT (id) DO NOTHING;
INSERT INTO expenses (id, kind, category_id, type_id, value, date_prevista, date_efetiva, obs, is_mensal, series_id, created_at, updated_at) VALUES ('exp26', 'Despesa', 'cat6', 'type11', 40, '2025-09-15', '2025-09-15', 'Streaming', FALSE, NULL, '2025-09-08 17:21:31', '2025-09-08 17:21:31') ON CONFLICT (id) DO NOTHING;
INSERT INTO expenses (id, kind, category_id, type_id, value, date_prevista, date_efetiva, obs, is_mensal, series_id, created_at, updated_at) VALUES ('exp27', 'Despesa', 'cat1', 'type2', 60, '2025-09-18', '2025-09-18', 'Vitamina', FALSE, NULL, '2025-09-08 17:21:31', '2025-09-08 17:21:31') ON CONFLICT (id) DO NOTHING;
INSERT INTO expenses (id, kind, category_id, type_id, value, date_prevista, date_efetiva, obs, is_mensal, series_id, created_at, updated_at) VALUES ('exp28', 'Despesa', 'cat2', 'type4', 80, '2025-09-20', '2025-09-20', 'Taxa condomínio', FALSE, NULL, '2025-09-08 17:21:31', '2025-09-08 17:21:31') ON CONFLICT (id) DO NOTHING;
INSERT INTO expenses (id, kind, category_id, type_id, value, date_prevista, date_efetiva, obs, is_mensal, series_id, created_at, updated_at) VALUES ('exp29', 'Despesa', 'cat3', 'type6', 70, '2025-09-22', '2025-09-22', 'Café', FALSE, NULL, '2025-09-08 17:21:31', '2025-09-08 17:21:31') ON CONFLICT (id) DO NOTHING;
INSERT INTO expenses (id, kind, category_id, type_id, value, date_prevista, date_efetiva, obs, is_mensal, series_id, created_at, updated_at) VALUES ('exp30', 'Despesa', 'cat4', 'type8', 250, '2025-09-25', '2025-09-25', 'Seguro carro', FALSE, NULL, '2025-09-08 17:21:31', '2025-09-08 17:21:31') ON CONFLICT (id) DO NOTHING;
INSERT INTO expenses (id, kind, category_id, type_id, value, date_prevista, date_efetiva, obs, is_mensal, series_id, created_at, updated_at) VALUES ('exp31', 'Despesa', 'cat5', 'type10', 50, '2025-09-28', '2025-09-28', 'Material escolar', FALSE, NULL, '2025-09-08 17:21:31', '2025-09-08 17:21:31') ON CONFLICT (id) DO NOTHING;
INSERT INTO expenses (id, kind, category_id, type_id, value, date_prevista, date_efetiva, obs, is_mensal, series_id, created_at, updated_at) VALUES ('exp32', 'Despesa', 'cat6', 'type12', 200, '2025-09-30', '2025-09-30', 'Hotel', FALSE, NULL, '2025-09-08 17:21:31', '2025-09-08 17:21:31') ON CONFLICT (id) DO NOTHING;
INSERT INTO expenses (id, kind, category_id, type_id, value, date_prevista, date_efetiva, obs, is_mensal, series_id, created_at, updated_at) VALUES ('exp33', 'Despesa', 'cat1', 'type1', 150, '2025-09-05', '2025-09-05', 'Exame', FALSE, NULL, '2025-09-08 17:21:31', '2025-09-08 17:21:31') ON CONFLICT (id) DO NOTHING;
INSERT INTO expenses (id, kind, category_id, type_id, value, date_prevista, date_efetiva, obs, is_mensal, series_id, created_at, updated_at) VALUES ('exp34', 'Despesa', 'cat2', 'type3', 75, '2025-09-08', '2025-09-08', 'Taxa lixo', FALSE, NULL, '2025-09-08 17:21:31', '2025-09-08 17:21:31') ON CONFLICT (id) DO NOTHING;
INSERT INTO expenses (id, kind, category_id, type_id, value, date_prevista, date_efetiva, obs, is_mensal, series_id, created_at, updated_at) VALUES ('exp35', 'Despesa', 'cat1', 'type1', 1083.65, '2025-10-15', NULL, 'Plano de Saúde Quality - 2 vidas', TRUE, 'health-2025', '2025-09-08 17:21:31', '2025-09-08 17:21:31') ON CONFLICT (id) DO NOTHING;
INSERT INTO expenses (id, kind, category_id, type_id, value, date_prevista, date_efetiva, obs, is_mensal, series_id, created_at, updated_at) VALUES ('exp36', 'Despesa', 'cat2', 'type3', 1200, '2025-10-01', NULL, 'Aluguel outubro', TRUE, 'rent-2025', '2025-09-08 17:21:31', '2025-09-08 17:21:31') ON CONFLICT (id) DO NOTHING;
INSERT INTO expenses (id, kind, category_id, type_id, value, date_prevista, date_efetiva, obs, is_mensal, series_id, created_at, updated_at) VALUES ('exp37', 'Despesa', 'cat2', 'type4', 350, '2025-10-01', NULL, 'Condomínio outubro', TRUE, 'condo-2025', '2025-09-08 17:21:31', '2025-09-08 17:21:31') ON CONFLICT (id) DO NOTHING;
INSERT INTO expenses (id, kind, category_id, type_id, value, date_prevista, date_efetiva, obs, is_mensal, series_id, created_at, updated_at) VALUES ('exp38', 'Despesa', 'cat3', 'type5', 347.11, '2025-10-05', NULL, 'Compras do mês', TRUE, 'grocery-2025', '2025-09-08 17:21:31', '2025-09-08 17:21:31') ON CONFLICT (id) DO NOTHING;

-- Inserir receitas
INSERT INTO incomes (id, kind, category_id, type_id, value, date_prevista, date_efetiva, obs, is_mensal, series_id, created_at, updated_at) VALUES ('inc1', 'Receita', 'cat7', 'type13', 5000, '2025-09-05', '2025-09-05', 'Salário setembro', TRUE, 'salary-2025', '2025-09-08 17:21:31', '2025-09-08 17:21:31') ON CONFLICT (id) DO NOTHING;
INSERT INTO incomes (id, kind, category_id, type_id, value, date_prevista, date_efetiva, obs, is_mensal, series_id, created_at, updated_at) VALUES ('inc2', 'Receita', 'cat8', 'type15', 1200, '2025-09-15', '2025-09-15', 'Projeto website', FALSE, NULL, '2025-09-08 17:21:31', '2025-09-08 17:21:31') ON CONFLICT (id) DO NOTHING;
INSERT INTO incomes (id, kind, category_id, type_id, value, date_prevista, date_efetiva, obs, is_mensal, series_id, created_at, updated_at) VALUES ('inc3', 'Receita', 'cat9', 'type17', 300, '2025-09-20', '2025-09-20', 'Dividendos ações', FALSE, NULL, '2025-09-08 17:21:31', '2025-09-08 17:21:31') ON CONFLICT (id) DO NOTHING;
INSERT INTO incomes (id, kind, category_id, type_id, value, date_prevista, date_efetiva, obs, is_mensal, series_id, created_at, updated_at) VALUES ('inc4', 'Receita', 'cat8', 'type16', 800, '2025-09-25', NULL, 'Consultoria', FALSE, NULL, '2025-09-08 17:21:31', '2025-09-08 17:21:31') ON CONFLICT (id) DO NOTHING;
INSERT INTO incomes (id, kind, category_id, type_id, value, date_prevista, date_efetiva, obs, is_mensal, series_id, created_at, updated_at) VALUES ('inc5', 'Receita', 'cat10', 'type19', 150, '2025-09-28', '2025-09-28', 'Venda de item usado', FALSE, NULL, '2025-09-08 17:21:31', '2025-09-08 17:21:31') ON CONFLICT (id) DO NOTHING;
